{"schemaVersion":"1.0","appDefinitionTemplate":{"id":"/providers/Microsoft.PowerApps/apps/","type":"Microsoft.PowerApps/apps","tags":{"primaryDeviceWidth":"1366","primaryDeviceHeight":"768","sienaVersion":"20200406T090229Z-3.20035.8.0","deviceCapabilities":"","supportsPortrait":"false","supportsLandscape":"true","primaryFormFactor":"Tablet","publisherVersion":"3.20035.8","minimumRequiredApiVersion":"2.2.0","hasComponent":"false","hasUnlockedComponent":"false"},"properties":{"appVersion":"2020-04-06T09:02:29Z","lifeCycleId":"Published","createdByClientVersion":{"major":3,"minor":20035,"build":8,"revision":0,"majorRevision":0,"minorRevision":0},"minClientVersion":{"major":3,"minor":20035,"build":8,"revision":0,"majorRevision":0,"minorRevision":0},"backgroundColor":"rgba(0, 176, 240, 1)","backgroundImageUri":"/16983424082330426807/Ne9f1beb8-5dd6-4046-8d83-fc4b573cf4b8-logoSmallFile","displayName":"qr-code-generator","description":"","commitMessage":"","appUris":{"documentUri":{"value":"/16983424082330426807/N185dbf61-5eed-4a3b-ae30-9fef02438702-document.msapp","readonlyValue":"/16983424082330426807/N185dbf61-5eed-4a3b-ae30-9fef02438702-document.msapp"},"imageUris":[]},"createdTime":"0001-01-01T00:00:00Z","lastModifiedTime":"0001-01-01T00:00:00Z","sharedGroupsCount":0,"sharedUsersCount":0,"icons":{"smallIconUri":"/16983424082330426807/Nfa18ea84-ca45-4d59-aac6-b1381c167411-small.png","mediumIconUri":"/16983424082330426807/Naa73c6df-75d0-4191-80db-3572ecd73805-medium.png","largeIconUri":"/16983424082330426807/N27763320-0b79-4ab2-bf3c-5e4e0875f868-large.png","wideIconUri":"/16983424082330426807/N15a6b7b6-0d58-4456-b3f2-84ed35ebd150-wide.png"},"connectionReferences":{"03f59cdf-4cad-475b-85ef-0bd5df6c42e0":{"id":"f84a2862-e6cd-413b-8c59-8a33b7f7b2d3","displayName":"Office 365 Outlook","iconUri":"https://connectoricons-prod.azureedge.net/office365/icon_1.0.1328.1950.png","dataSources":["Office365Outlook"],"dependencies":[],"dependents":[],"parameterHints":{},"isOnPremiseConnection":false,"dataSets":{},"apiTier":"Standard","isCustomApiConnection":false},"76d78760-89ed-40d7-97b8-ead7ccc97946":{"id":"f5de8ad8-7a77-4b09-b548-0017299ed115","displayName":"Excel","iconUri":"https://connectoricons-prod.azureedge.net/excel/icon_1.0.1328.1950.png","dataSources":["Links"],"dependencies":["424b936f-b8ed-4c24-ac1b-a52015e564f2"],"dependents":[],"parameterHints":{"424b936f-b8ed-4c24-ac1b-a52015e564f2":{"value":"fileSource"}},"isOnPremiseConnection":false,"dataSets":{"b!eMKviriywkas-s9UIWSvHNdHqOrybqVJlD7FUjkAHqhlVbjK3aogR5y0qQiCq5E-.01XNJRZG5XEEZVXHJ7JVCZ4AGJLUE6UBLP":{"dataSources":{"Links":{"tableName":"Links"}}}},"apiTier":"Standard","isCustomApiConnection":false},"424b936f-b8ed-4c24-ac1b-a52015e564f2":{"id":"6f7b3648-51e6-4509-97a1-9fdebf91c44c","displayName":"OneDrive for Business","iconUri":"https://connectoricons-prod.azureedge.net/onedriveforbusiness/icon_1.0.1328.1950.png","dataSources":[],"dependencies":[],"dependents":["76d78760-89ed-40d7-97b8-ead7ccc97946"],"parameterHints":{},"isOnPremiseConnection":false,"dataSets":{},"apiTier":"Standard","isCustomApiConnection":false}},"databaseReferences":{},"almMode":"Environment","performanceOptimizationEnabled":true,"canConsumeAppPass":true},"isAppComponentLibrary":false,"appType":"ClassicCanvasApp","appComponents":[]}}